f01	V2hhdCBvcmRlcmluZyBkb2VzIHRoZSBpbnB1dCBhcnJheSBuZWVkIGJlZm9yZSBiaW5hcnkgc2VhcmNoIGNhbiBsb2NhdGUgYW4gZWxlbWVudD8=
f02	V2hhdCBoYXBwZW5zIHRvIGEgYmluYXJ5IHNlYXJjaCB3aGVuIGl0cyByZW1haW5pbmcgc2VhcmNoIGludGVydmFsIGlzIGVtcHR5Pw==
f03	V2hpY2ggZ3JhZnQgY29tcG9uZW50IGlzIHNlbGVjdGVkIGZvciBzdGVtcyBhbmQgZmxvd2VycyByYXRoZXIgdGhhbiByb290cz8=
f04	SW4gYnVkIGdyYWZ0aW5nLCB3aGF0IGlzIHBydW5lZCBhZnRlciB0aGUgbmV3IGJ1ZCBoYXMgaW5vc2N1bGF0ZWQ/
f05	Q2FuIHRoZSB3cml0dGVuLWNvbnN0aXR1dGlvbiBjYXRlZ29yeSBpbmNsdWRlIGEgc2V0IG9mIGxlZ2FsIGRvY3VtZW50cz8=
f06	V2hhdCBkb2N1bWVudCBhcnJhbmdlbWVudCBkb2VzIHRoZSBkZWZpbml0aW9uIHJlcXVpcmUgZm9yIGNvZGlmaWNhdGlvbj8=
f07	V2hpY2ggdHdvIGNvdW50cmllcyBib3JkZXIgdGhlIHNtYWxsIHByaW5jaXBhbGl0eSBkZXNjcmliZWQgYnkgdGhlIEFuZG9ycmEgZXhjZXJwdD8=
f08	RG8gdGhlIHByb3ZpZGVkIGNvdW50cnkgZGVzY3JpcHRpb25zIGlkZW50aWZ5IGN1cnJlbnQgdHJhaW4gZmFyZXMgYmV0d2VlbiB0aGVpciBjYXBpdGFscz8=
f09	V2FzIENsYXNzaWNhbCBBdGhlbnMgYXNzb2NpYXRlZCB3aXRoIGVkdWNhdGlvbiBhbmQgcGhpbG9zb3BoeSwgb3IgaXMgdGhhdCBjbGFpbSBhYm91dCBCYXJjZWxvbmE/
f10	V2hpY2ggY291bnRyeSBoYXMgQXRoZW5zIGFzIGl0cyBjYXBpdGFsIGFuZCBsYXJnZXN0IGNpdHk/
f11	V2hhdCBoYXBwZW5lZCB0byBCYXJjZWxvbmEgY2FwaXRhbCBzdGF0dXMgd2hlbiBhdXRvbm9tb3VzIENhdGFsb25pYSB3YXMgZXN0YWJsaXNoZWQgaW4gMTkzMT8=
f12	RG9lcyB0aGUgc291cmNlIHNheSB0aGUgUHJpbmNpcGFsaXR5IGNhcGl0YWwgcm9sZSBzdGFydGVkIG9ubHkgYWZ0ZXIgdW5pb24gd2l0aCBBcmFnb24/
f13	V2hpY2ggdHdvIGNvbW1vZGl0eSBjaGVtaWNhbHMgaWxsdXN0cmF0ZSBhbiBpbmR1c3RyaWFsIHVzZSBvZiBmZXJtZW50YXRpb24/
f14	RG9lcyBmZXJtZW50YXRpb24gcHJvZHVjaW5nIGxhY3RhdGUgaW1wbHkgdGhhdCBsYWN0YXRlIGlzIGl0cyBpbnB1dD8=
f15	V2hhdCB0ZW1wZXJhdHVyZSBsaW1pdCBpcyBkZXNjcmliZWQgYXMgdXN1YWwgZm9yIGZvb2QgcGFzdGV1cml6YXRpb24sIGluIENlbHNpdXMgYW5kIEZhaHJlbmhlaXQ/
f16	V2h5IHdvdWxkIGEgcHJvbWlzZSB0byBkZXN0cm95IGV2ZXJ5IGJhY3RlcmlhbCBzcG9yZSBvdmVyc3RhdGUgdGhlIHBhc3RldXJpemF0aW9uIGRlc2NyaXB0aW9uPw==
f17	V2hhdCBtYXRoZW1hdGljYWwgcm9vdCBnaXZlcyB0aGUgcmF0aW8gZm9yIGEgZGlmZmVyZW5jZSBvZiBvbmUgbWFnbml0dWRlPw==
f18	SWYgdGhlIGRlY2ltYWwgaXMgYWJvdXQyLjUxMiwgY2FuIHRoZSBzYW1lIHJlbGF0aW9uIGJlIGRlc2NyaWJlZCBhcyBhIHNxdWFyZSByb290IG9mMTAwPw==
f19	V2hpY2ggdHdvIHZhcmlhYmxlLXN0YXIgb3IgZG91YmxlLXN0YXIgb2JzZXJ2YXRpb25zIGNhbiBhbWF0ZXVycyBjb250cmlidXRlIHRvIGNpdGl6ZW4gc2NpZW5jZT8=
f20	RG8gdGhlc2UgYXN0cm9ub215IGV4Y2VycHRzIHByb3ZpZGUgdG9uaWdodOKAmXMgZXhhY3QgbG9jYWwgY2xvdWQgY292ZXIgZm9yIG9ic2VydmluZz8=
