s01	RGVzY3JpYmUgaG93IGJpbmFyeSBzZWFyY2ggbmFycm93cyB0aGUgcG9zc2libGUgcG9zaXRpb24gb2YgYSB0YXJnZXQu
s02	RXhwbGFpbiBob3cgaW5zZXJ0aW9uIG9yZGVyIGNhbiBhZmZlY3QgdGhlIHBlcmZvcm1hbmNlIG9mIGEgYmluYXJ5IHNlYXJjaCB0cmVlLg==
s03	U3RhdGUgdGhlIGRhdGEgb3JnYW5pemF0aW9uIHJlcXVpcmVkIGJ5IGJpbmFyeSBzZWFyY2g7IGRlc2NyaWJlIHRoZSBsZWZ0L3JpZ2h0IG9yZGVyaW5nIGluIGEgYmluYXJ5IHNlYXJjaCB0cmVlLg==
s04	RGVzY3JpYmUgdGhlIHdvcnN0LWNhc2Ugc2VhcmNoIGJlaGF2aW9yIG9mIGJpbmFyeSBzZWFyY2g7IGRlc2NyaWJlIHRoZSB3b3JzdC1jYXNlIGJlaGF2aW9yIG9mIGFuIHVuYmFsYW5jZWQgYmluYXJ5IHNlYXJjaCB0cmVlLg==
s05	QmluYXJ5IHNlYXJjaCB3b3JrcyB3aXRob3V0IHNvcnRpbmcgdGhlIGFycmF5IGZpcnN0LiBJcyB0aGlzIHByZW1pc2Ugc3VwcG9ydGVkPyBFeHBsYWluIHRoZSBwcmVyZXF1aXNpdGUu
s06	V2hhdCB3YXMgdGhlIG1lYXN1cmVkIG5hbm9zZWNvbmQgbGF0ZW5jeSBvZiBiaW5hcnkgc2VhcmNoIG9uIG15IGxhcHRvcCB0aGlzIG1vcm5pbmc/
s07	RGVzY3JpYmUgd2hhdCBjb21wb3N0IGlzIG1hZGUgZnJvbSBhbmQgb25lIHN0YXRlZCB1c2Uu
s08	RXhwbGFpbiB0aGUgcm9sZSBvZiBlYXJ0aHdvcm1zIGluIHByb2R1Y2luZyB2ZXJtaWNvbXBvc3Qu
s09	RGVzY3JpYmUgb3JkaW5hcnkgY29tcG9zdCBwcm9kdWN0aW9uOyBkZXNjcmliZSB2ZXJtaWNvbXBvc3QgcHJvZHVjdGlvbjsgaWRlbnRpZnkgdGhlaXIgc2hhcmVkIHVzZS4=
s10	TmFtZSB0aGUgZ3JlZW4gYW5kIGJyb3duIGlucHV0cyBmb3IgY29tcG9zdGluZzsgZGVzY3JpYmUgd2hhdCB2ZXJtaWNhc3QgaXMu
s11	VmVybWljb21wb3N0aW5nIGF2b2lkcyB1c2luZyB3b3Jtcy4gSXMgdGhhdCBjbGFpbSBjb25zaXN0ZW50IHdpdGggdGhlIGV2aWRlbmNlPw==
s12	SG93IG1hbnkga2lsb2dyYW1zIG9mIGNvbXBvc3QgYXJlIGluIHN0b2NrIGF0IG15IG5lYXJlc3QgZ2FyZGVuIHNob3AgcmlnaHQgbm93Pw==
s13	SWRlbnRpZnkgdGhlIHNjaW9uIGFuZCByb290c3RvY2sgaW4gYSBncmFmdGVkIHBsYW50Lg==
s14	RXhwbGFpbiB3aHkgc21hbGxlciBwcnVuaW5nIGN1dHMgYXJlIGdlbmVyYWxseSBwcmVmZXJyZWQgdG8gbGFyZ2UgY3V0cyBvbiBtYXR1cmUgcGxhbnRzLg==
s15	RGVzY3JpYmUgd2hhdCBncmFmdGluZyBqb2luczsgZGVzY3JpYmUgd2hhdCBwcnVuaW5nIHJlbW92ZXMu
s16	U3RhdGUgd2hhdCBtdXN0IGhhcHBlbiB0byB2YXNjdWxhciB0aXNzdWVzIGZvciBhIGdyYWZ0IHRvIHN1Y2NlZWQ7IHN0YXRlIGEgcmVhc29uIGZvciBwcnVuaW5nIHVud2FudGVkIG1hdGVyaWFsLg==
s17	R3JhZnRpbmcgc3VjY2VlZHMgZXZlbiB3aGVuIHRoZSB2YXNjdWxhciB0aXNzdWVzIG5ldmVyIGdyb3cgdG9nZXRoZXIuIERvZXMgdGhlIHNvdXJjZSBzdXBwb3J0IHRoaXM/
s18	V2hpY2ggZ3JhZnRlZCB0cmVlIGF0IG15IGxvY2FsIG51cnNlcnkgd2lsbCBiZSBjaGVhcGVzdCBuZXh0IFNhdHVyZGF5Pw==
s19	RXhwbGFpbiB3aGF0IG1ha2VzIGEgY29uc3RpdHV0aW9uIGNvZGlmaWVkIHJhdGhlciB0aGFuIG1lcmVseSB3cml0dGVuLg==
s20	RXhwbGFpbiB3aGV0aGVyIGV2ZXJ5IGNvbnN0aXR1dGlvbmFsIG1vbmFyY2ggaGFzIHRoZSBzYW1lIGV4ZWN1dGl2ZSBwb3dlcnMu
s21	RGVzY3JpYmUgdGhlIGZ1bmN0aW9uIG9mIGEgY29uc3RpdHV0aW9uOyBleHBsYWluIGhvdyBpdCBjb25zdHJhaW5zIGEgY29uc3RpdHV0aW9uYWwgbW9uYXJjaC4=
s22	RGlzdGluZ3Vpc2ggYSBjb2RpZmllZCBjb25zdGl0dXRpb24gZnJvbSBhbiB1bmNvZGlmaWVkIG9uZTsgZGVzY3JpYmUgdHdvIHdheXMgY29uc3RpdHV0aW9uYWwgbW9uYXJjaHMgY2FuIGRpZmZlciBpbiBwb3dlci4=
s23	RXZlcnkgY29uc3RpdHV0aW9uYWwgbW9uYXJjaHkgZ2l2ZXMgaXRzIG1vbmFyY2ggbm8gcG9saWN5LW1ha2luZyBwb3dlci4gSXMgdGhpcyB1bml2ZXJzYWwgY2xhaW0gc3VwcG9ydGVkPw==
s24	V2hhdCBkaWQgdGhlIGNvbnN0aXR1dGlvbmFsIGNvdXJ0IGRlY2lkZSBpbiBteSBwZW5kaW5nIGNhc2UgdG9kYXk/
s25	TG9jYXRlIEFydWJhIHJlbGF0aXZlIHRvIFZlbmV6dWVsYSBhbmQgaWRlbnRpZnkgaXRzIGNvbnN0aXR1dGlvbmFsIHJlbGF0aW9uc2hpcC4=
s26	RXhwbGFpbiB3aHkgZGVzY3JpYmluZyBBbmRvcnJhIGFzIGEgY29hc3RhbCBDYXJpYmJlYW4gaXNsYW5kIHdvdWxkIGJlIHdyb25nLg==
s27	RGVzY3JpYmUgQXJ1YmEgbG9jYXRpb24gYW5kIHBoeXNpY2FsIHNldHRpbmc7IGRlc2NyaWJlIEFuZG9ycmEgbG9jYXRpb24gYW5kIHBoeXNpY2FsIHNldHRpbmcu
s28	U3RhdGUgdGhlIGFyZWEgYW5kIGNsaW1hdGUgZGVzY3JpYmVkIGZvciBBcnViYTsgbmFtZSB0aGUgY291bnRyaWVzIGJvcmRlcmluZyBBbmRvcnJhLg==
s29	QW5kb3JyYSBoYXMgYSBDYXJpYmJlYW4gY29hc3RsaW5lIG5lYXIgVmVuZXp1ZWxhLiBJcyB0aGF0IGRlc2NyaXB0aW9uIHN1cHBvcnRlZD8=
s30	V2hhdCBpcyB0aGUgbGl2ZSB3YWl0aW5nIHRpbWUgYXQgdGhlIEFuZG9ycmEgYm9yZGVyIGNyb3NzaW5nIEkgd2lsbCB1c2UgdG9kYXk/
s31	SWRlbnRpZnkgQmFyY2Vsb25hIHJlZ2lvbmFsIGNhcGl0YWwgc3RhdHVzIGFuZCBpdHMgY29hc3RhbCBsb2NhdGlvbi4=
s32	RXhwbGFpbiB3aHkgQXRoZW5zIGlzIGRlc2NyaWJlZCBhcyBoaXN0b3JpY2FsbHkgaW1wb3J0YW50IHRvIGRlbW9jcmFjeSBhbmQgbGVhcm5pbmcu
s33	RGVzY3JpYmUgdGhlIGNhcGl0YWwgc3RhdHVzIG9mIEJhcmNlbG9uYTsgZGVzY3JpYmUgdGhlIGNhcGl0YWwgc3RhdHVzIG9mIEF0aGVucy4=
s34	RGVzY3JpYmUgb25lIGhpc3RvcmljYWwgcm9sZSBvZiBCYXJjZWxvbmEgaW4gdGhlIENyb3duIG9mIEFyYWdvbjsgZGVzY3JpYmUgb25lIGhpc3RvcmljYWwgcm9sZSBvZiBjbGFzc2ljYWwgQXRoZW5zLg==
s35	QmFyY2Vsb25hIGlzIHRoZSBuYXRpb25hbCBjYXBpdGFsIG9mIEdyZWVjZS4gSXMgdGhhdCBwcmVtaXNlIHN1cHBvcnRlZCBieSB0aGVzZSBzb3VyY2VzPw==
s36	R2l2ZSB0b2RheSBvcGVuaW5nIGhvdXJzIGFuZCBjdXJyZW50IHRpY2tldCBwcmljZXMgZm9yIHRoZSBBY3JvcG9saXMgYW5kIGEgQmFyY2Vsb25hIG11c2V1bS4=
s37	RGVzY3JpYmUgdGhlIHJvbGUgb2YgcmVkb3ggcmVhY3Rpb25zIGFuZCBBVFAgaW4gZmVybWVudGF0aW9uLg==
s38	RXhwbGFpbiB3aHkgcGFzdGV1cml6YXRpb24gc2hvdWxkIG5vdCBiZSBkZXNjcmliZWQgYXMgZWxpbWluYXRpbmcgZXZlcnkgYmFjdGVyaWFsIHNwb3JlLg==
s39	RGVzY3JpYmUgdGhlIG1lY2hhbmlzbSBvZiBmZXJtZW50YXRpb247IGRlc2NyaWJlIHRoZSBtZWNoYW5pc20gYW5kIHB1cnBvc2Ugb2YgcGFzdGV1cml6YXRpb24u
s40	TmFtZSB0d28gaW5kdXN0cmlhbCBmZXJtZW50YXRpb24gZW5kIHByb2R1Y3RzOyBzdGF0ZSB0aGUgdXN1YWwgdGVtcGVyYXR1cmUgcXVhbGlmaWNhdGlvbiBmb3IgcGFzdGV1cml6YXRpb24u
s41	UGFzdGV1cml6YXRpb24gcmVsaWFibHkgZGVzdHJveXMgYWxsIGJhY3RlcmlhbCBzcG9yZXMuIERvZXMgdGhlIGNpdGVkIGV2aWRlbmNlIHN1cHBvcnQgdGhpcz8=
s42	V2hhdCBpcyB0aGUgdmVyaWZpZWQgbWljcm9iaWFsIGNvdW50IGluIHRoZSBtaWxrIGJvdHRsZSBpbiBteSByZWZyaWdlcmF0b3IgdG9kYXk/
s43	RXhwbGFpbiBob3cgdGhlIHNpZ24gYW5kIHNpemUgb2YgYXBwYXJlbnQgbWFnbml0dWRlIHJlbGF0ZSB0byBicmlnaHRuZXNzLg==
s44	RXhwbGFpbiBob3cgYW1hdGV1ciBhc3Ryb25vbWVycyBjYW4gY29udHJpYnV0ZSB0byBzY2llbmNlIGV2ZW4gd2hlbiByZXNlYXJjaCBpcyBub3QgdGhlaXIgbWFpbiBnb2FsLg==
s45	RGVzY3JpYmUgd2hhdCBhcHBhcmVudCBtYWduaXR1ZGUgbWVhc3VyZXM7IGRlc2NyaWJlIHdoYXQgYW1hdGV1ciBhc3Ryb25vbXkgaW52b2x2ZXMu
s46	U3RhdGUgdGhlIGJyaWdodG5lc3MgcmF0aW8gYXNzb2NpYXRlZCB3aXRoIGEgbWFnbml0dWRlIGRpZmZlcmVuY2Ugb2Ygb25lOyBuYW1lIHR3byB0eXBlcyBvZiBvYnNlcnZhdGlvbnMgYW1hdGV1cnMgY2FuIGNvbnRyaWJ1dGUu
s47	QSBsYXJnZXIgYXBwYXJlbnQgbWFnbml0dWRlIG51bWJlciBhbHdheXMgbWVhbnMgYSBicmlnaHRlciBvYmplY3QuIElzIHRoYXQgc3VwcG9ydGVkPw==
s48	V2hhdCBpcyB0aGUgZXhhY3QgYnJpZ2h0bmVzcyBvZiB0aGUgdW5pZGVudGlmaWVkIHN0YXIgSSBhbSB2aWV3aW5nIHJpZ2h0IG5vdz8=
n01	SXMgdmVybWljYXN0IHRoZSBtYXRlcmlhbCBlYXRlbiBieSBlYXJ0aHdvcm1zIG9yIHRoZSByZXN1bHQgb2YgdGhlaXIgYnJlYWtkb3duIG9mIG9yZ2FuaWMgbWF0dGVyPyBFeHBsYWluIHRoZSBkaXN0aW5jdGlvbi4=
n02	RGVzY3JpYmUgYSBzb2lsLWNvbmRpdGlvbmluZyB1c2Ugc2hhcmVkIGJ5IGNvbXBvc3QgYW5kIHZlcm1pY29tcG9zdDsgaWRlbnRpZnkgd2hpY2ggc291cmNlIHNwZWNpZmljYWxseSBtZW50aW9ucyB3YXRlci1zb2x1YmxlIG51dHJpZW50cy4=
n03	RG9lcyB0aGUgd291bmQtY29tcGFydG1lbnRhbGl6YXRpb24gZXhwbGFuYXRpb24ganVzdGlmeSBldmVyeSByZW1vdmFsIG9mIHBsYW50IG1hdGVyaWFsLCBvciBzcGVjaWZpY2FsbHkgdGhlIHByZWZlcmVuY2UgZm9yIHNtYWxsZXIgY3V0cz8=
n04	Q29tcGFyZSBhIGdyYWZ0IHNjaW9uIHdpdGggaXRzIHJvb3RzdG9jazsgZXhwbGFpbiB0aGUgdGlzc3VlIGNvbmRpdGlvbiByZXF1aXJlZCBmb3IgdGhlIGpvaW5pbmcgdG8gc3VjY2VlZC4=
n05	QW4gdW5jb2RpZmllZCBjb25zdGl0dXRpb24gY2Fubm90IGNvbnRhaW4gd3JpdHRlbiBsZWdhbCBkb2N1bWVudHMuIEV4cGxhaW4gd2hldGhlciB0aGUgVW5pdGVkIEtpbmdkb20gZXhhbXBsZSBzdXBwb3J0cyB0aGlzIGNsYWltLg==
n06	RG9lcyBiZWluZyBhIGNvbnN0aXR1dGlvbmFsIG1vbmFyY2h5IGd1YXJhbnRlZSBkZW1vY3JhY3kgYW5kIGEgcG93ZXJsZXNzIG1vbmFyY2g/IEV4cGxhaW4gYm90aCBsaW1pdHMu
n07	RGlkIEJhcmNlbG9uYSBmaXJzdCBiZWNvbWUgY2FwaXRhbCBvZiB0aGUgUHJpbmNpcGFsaXR5IG9mIENhdGFsb25pYSBhZnRlciBqb2luaW5nIEFyYWdvbiwgb3IgZGlkIHRoYXQgcm9sZSBjb250aW51ZT8=
n08	V2hpY2ggQmFyY2Vsb25hIG9yaWdpbiBzdGF0ZW1lbnQgaXMgcXVhbGlmaWVkIGFzIHRyYWRpdGlvbjsgaWRlbnRpZnkgYSBjbGFzc2ljYWwgQXRoZW5zIHJvbGUgd2l0aG91dCB0cmFuc2ZlcnJpbmcgdGhhdCBxdWFsaWZpZXIu
n09	TmFtZSB0aGUgaW5kdXN0cmlhbCBmZXJtZW50YXRpb24gcHJvZHVjdHMgZXRoYW5vbCBhbmQgbGFjdGF0ZTsgZXhwbGFpbiB3aHkgcGFzdGV1cml6YXRpb24gaXMgbm90IGEgZ3VhcmFudGVlIHRoYXQgYWxsIGJhY3RlcmlhbCBzcG9yZXMgYXJlIGRlc3Ryb3llZC4=
n10	SXMgdGhlIGJyaWdodG5lc3MgcmF0aW8gZm9yIGEgb25lLW1hZ25pdHVkZSBkaWZmZXJlbmNlIHRoZSBzcXVhcmUgcm9vdCBvciBmaWZ0aCByb290IG9mIDEwMCwgYW5kIGFwcHJveGltYXRlbHkgd2hhdCBpcyBpdD8=
n11	Q29tcGFyZSBtYWduaXR1ZGUgMi4wIGFuZCAzLjAgc3RhcnMgaW4gYnJpZ2h0bmVzczsgZXhwbGFpbiB3aGV0aGVyIGEgbmVnYXRpdmUgbWFnbml0dWRlIG5lY2Vzc2FyaWx5IG1lYW5zIGZhaW50ZXIgbGlnaHQu
n12	V2hhdCBhcmUgdGhlIGNvbmZpcm1lZCBhY2Nlc3NpYmxlIGVudHJhbmNlIGFuZCBsaXZlIHF1ZXVlIHRpbWUgYXQgdGhlIEF0aGVucyBtdXNldW0gSSBpbnRlbmQgdG8gdmlzaXQgdG9tb3Jyb3c/
