r01	s08	RXhwbGFpbiB0aGUgcm9sZSBvZiBlYXJ0aHdvcm1zIGluIHByb2R1Y2luZyB2ZXJtaWNvbXBvc3Qu
r02	s09	RGVzY3JpYmUgb3JkaW5hcnkgY29tcG9zdCBwcm9kdWN0aW9uOyBkZXNjcmliZSB2ZXJtaWNvbXBvc3QgcHJvZHVjdGlvbjsgaWRlbnRpZnkgdGhlaXIgc2hhcmVkIHVzZS4=
r03	s22	RGlzdGluZ3Vpc2ggYSBjb2RpZmllZCBjb25zdGl0dXRpb24gZnJvbSBhbiB1bmNvZGlmaWVkIG9uZTsgZGVzY3JpYmUgdHdvIHdheXMgY29uc3RpdHV0aW9uYWwgbW9uYXJjaHMgY2FuIGRpZmZlciBpbiBwb3dlci4=
r04	s34	RGVzY3JpYmUgb25lIGhpc3RvcmljYWwgcm9sZSBvZiBCYXJjZWxvbmEgaW4gdGhlIENyb3duIG9mIEFyYWdvbjsgZGVzY3JpYmUgb25lIGhpc3RvcmljYWwgcm9sZSBvZiBjbGFzc2ljYWwgQXRoZW5zLg==
r05	s16	U3RhdGUgd2hhdCBtdXN0IGhhcHBlbiB0byB2YXNjdWxhciB0aXNzdWVzIGZvciBhIGdyYWZ0IHRvIHN1Y2NlZWQ7IHN0YXRlIGEgcmVhc29uIGZvciBwcnVuaW5nIHVud2FudGVkIG1hdGVyaWFsLg==
r06	s40	TmFtZSB0d28gaW5kdXN0cmlhbCBmZXJtZW50YXRpb24gZW5kIHByb2R1Y3RzOyBzdGF0ZSB0aGUgdXN1YWwgdGVtcGVyYXR1cmUgcXVhbGlmaWNhdGlvbiBmb3IgcGFzdGV1cml6YXRpb24u
r07	s43	RXhwbGFpbiBob3cgdGhlIHNpZ24gYW5kIHNpemUgb2YgYXBwYXJlbnQgbWFnbml0dWRlIHJlbGF0ZSB0byBicmlnaHRuZXNzLg==
r08	s46	U3RhdGUgdGhlIGJyaWdodG5lc3MgcmF0aW8gYXNzb2NpYXRlZCB3aXRoIGEgbWFnbml0dWRlIGRpZmZlcmVuY2Ugb2Ygb25lOyBuYW1lIHR3byB0eXBlcyBvZiBvYnNlcnZhdGlvbnMgYW1hdGV1cnMgY2FuIGNvbnRyaWJ1dGUu
r09	s46	U3RhdGUgdGhlIGJyaWdodG5lc3MgcmF0aW8gYXNzb2NpYXRlZCB3aXRoIGEgbWFnbml0dWRlIGRpZmZlcmVuY2Ugb2Ygb25lOyBuYW1lIHR3byB0eXBlcyBvZiBvYnNlcnZhdGlvbnMgYW1hdGV1cnMgY2FuIGNvbnRyaWJ1dGUu
r10	s36	R2l2ZSB0b2RheSBvcGVuaW5nIGhvdXJzIGFuZCBjdXJyZW50IHRpY2tldCBwcmljZXMgZm9yIHRoZSBBY3JvcG9saXMgYW5kIGEgQmFyY2Vsb25hIG11c2V1bS4=
r11	s47	QSBsYXJnZXIgYXBwYXJlbnQgbWFnbml0dWRlIG51bWJlciBhbHdheXMgbWVhbnMgYSBicmlnaHRlciBvYmplY3QuIElzIHRoYXQgc3VwcG9ydGVkPw==
