QSBkaWZmZXJlbmNlIG9mIDEuMCBpbiBsZXZlbCBjb3JyZXNwb25kcyB0byBhbiBpbnRlbnNpdHkgcmF0aW8gb2YgdGhlIGN1YmUgcm9vdCBvZiA4LCB3aGljaCBpcyBhcHByb3hpbWF0ZWx5IDIuMC4=	true
VGhlIGN1YmUgcm9vdCBvZiA4IGlzIHVzZWQgdG8gY2FsY3VsYXRlIHRoZSBpbnRlbnNpdHkgcmF0aW8gZm9yIGEgb25lLWxldmVsIGRpZmZlcmVuY2UgaW4gbGV2ZWwu	true
VGhlIGN1YmUgcm9vdCBvZiA4IGlzIGFwcHJveGltYXRlbHkgMi4wLCB3aGljaCByZXByZXNlbnRzIHRoZSBpbnRlbnNpdHkgcmF0aW8gZm9yIGEgb25lLWxldmVsIGRpZmZlcmVuY2UgaW4gbGV2ZWwu	true
VGhlIHNxdWFyZSByb290IG9mIDggaXMgYXBwcm94aW1hdGVseSAyLjAsIHdoaWNoIHJlcHJlc2VudHMgdGhlIGludGVuc2l0eSByYXRpbyBmb3IgYSBvbmUtbGV2ZWwgZGlmZmVyZW5jZSBpbiBsZXZlbC4=	false
VGhlIGN1YmUgcm9vdCBvZiA4IGlzIGFwcHJveGltYXRlbHkgMi43Lg==	false
VGhlIGN1YmUgcm9vdCBvZiA4IGlzIHVzZWQgdG8gY2FsY3VsYXRlIHRoZSBpbnRlbnNpdHkgcmF0aW8gZm9yIGEgdHdvLWxldmVsIGRpZmZlcmVuY2UgaW4gbGV2ZWwu	false
VGhlIGN1YmUgcm9vdCBvZiA4IGlzIG5vdCBhcHByb3hpbWF0ZWx5IDIuMC4=	false
VGhlIGN1YmUgcm9vdCBvZiA4IGlzIGFwcHJveGltYXRlbHkgMi4wLiBBbGwgdGlja2V0cyBhcmUgZnJlZS4=	false
VGhlIGN1YmUgcm9vdCBvZiA4IGlzIGFwcHJveGltYXRlbHkgMi4wLCB3aGljaCBjYXVzZXMgdGhlIGludGVuc2l0eSByYXRpbyBmb3IgYSBvbmUtbGV2ZWwgZGlmZmVyZW5jZSBpbiBsZXZlbC4=	false
VGhlIGN1YmUgcm9vdCBvZiA4IGlzIHVzZWQgdG8gY2FsY3VsYXRlIHRoZSB2ZWxvY2l0eSByYXRpbyBmb3IgYSBvbmUtbGV2ZWwgZGlmZmVyZW5jZSBpbiBsZXZlbC4=	false
QSBkaWZmZXJlbmNlIG9mIDEuMCBpbiBsZXZlbCBjb3JyZXNwb25kcyB0byBhbiBpbnRlbnNpdHkgcmF0aW8gb2YgdGhlIHNxdWFyZSByb290IG9mIDgu	false
VGhlIGN1YmUgcm9vdCBvZiA4IGlzIGFwcHJveGltYXRlbHkgMi4wLg==	true
