q01	RXhwbGFpbiB0aGUgcHJlcmVxdWlzaXRlIGZvciBhcHBseWluZyBiaW5hcnkgc2VhcmNoIGFuZCB3aGF0IGFuIGVtcHR5IGZpbmFsIGludGVydmFsIG1lYW5zLg==
q02	Q29udHJhc3QgYmluYXJ5IHNlYXJjaCBvbiBhbiBhcnJheSB3aXRoIHRoZSBvcmRlcmluZyBvZiBrZXlzIGluIGEgYmluYXJ5IHNlYXJjaCB0cmVlLg==
q03	V2h5IGNhbiBpbnNlcnRpb24gb3JkZXIgZGFtYWdlIHRoZSBwZXJmb3JtYW5jZSBvZiBhIGJpbmFyeSBzZWFyY2ggdHJlZSwgYW5kIHdoYXQgYm91bmRlZC1oZWlnaHQgYWx0ZXJuYXRpdmUgaXMgbWVudGlvbmVkPw==
q04	V2hhdCBpcyB0aGUgY3VycmVudGx5IGluc3RhbGxlZCBkYXRhYmFzZSB2ZXJzaW9uIG9uIG15IGxhcHRvcD8=
q05	RXhwbGFpbiB0aGUgdGlzc3VlIGNvbmRpdGlvbiBmb3IgZ3JhZnQgc3VjY2VzcyBhbmQgaG93IHN0b2NrIGFuZCBzY2lvbiBhcmUgdXN1YWxseSBzZWxlY3RlZC4=
q06	Q29tcGFyZSByZW1vdmFsIGluIG9yZGluYXJ5IHBydW5pbmcgd2l0aCB0aGUgc3BlY2lmaWMgY3V0IGFmdGVyIGEgYnVkIGdyYWZ0IGhhcyBqb2luZWQgc3VjY2Vzc2Z1bGx5Lg==
q07	V2h5IGFyZSBzbWFsbGVyIGJyYW5jaCBjdXRzIHByZWZlcnJlZCwgYW5kIHdoZW4gaXMgZm9ybWF0aXZlIHN0cnVjdHVyYWwgcHJ1bmluZyBwcmVmZXJhYmxlPw==
q08	V2hpY2ggbG9jYWwgYXJib3Jpc3QgaGFzIGFuIGFwcG9pbnRtZW50IGF2YWlsYWJsZSB0b21vcnJvdyBtb3JuaW5nPw==
q09	Q2FuIHdyaXR0ZW4gYW5kIGNvZGlmaWVkIGNvbnN0aXR1dGlvbiBjYXRlZ29yaWVzIG92ZXJsYXA/IEV4cGxhaW4gdGhlIGRvY3VtZW50IGNvbmRpdGlvbiBmb3IgZWFjaC4=
q10	Q29udHJhc3Qgd2hhdCBhIGNvbnN0aXR1dGlvbiBlc3RhYmxpc2hlcyB3aXRoIGhvdyBhIGNvbnN0aXR1dGlvbmFsIG1vbmFyY2ggbXVzdCBleGVyY2lzZSBhdXRob3JpdHku
q11	V2h5IGRvZXMgdGhlIFVuaXRlZCBLaW5nZG9tIGV4YW1wbGUgbm90IG1ha2UgZXZlcnkgd3JpdHRlbiBjb25zdGl0dXRpb24gY29kaWZpZWQ/
q12	RG9lcyBldmVyeSBjb25zdGl0dXRpb25hbCBtb25hcmNoIGhhdmUgdGhlIHNhbWUgcG93ZXJzPyBFeHBsYWluIHRoZSB2YXJpYXRpb24gZGVzY3JpYmVkLg==
q13	RGlzdGluZ3Vpc2ggQmFyY2Vsb25h4oCZcyBjb2FzdGFsIGxvY2F0aW9uIGFuZCByZWdpb25hbCBjYXBpdGFsIHN0YXR1cyBmcm9tIEF0aGVuc+KAmXMgbmF0aW9uYWwgY2FwaXRhbCBzdGF0dXMu
q14	Q29udHJhc3QgQmFyY2Vsb25h4oCZcyBjb250aW51ZWQgUHJpbmNpcGFsaXR5IGNhcGl0YWwgcm9sZSB3aXRoIGl0cyAxOTMxIGF1dG9ub21vdXMtY2FwaXRhbCBldmVudC4=
q15	V2h5IGlzIGl0IHVuc2FmZSB0byBpbmZlciB1bmludGVycnVwdGVkIGF1dG9ub21vdXMtY2FwaXRhbCBzdGF0dXMgZnJvbSAxOTMxIHRocm91Z2ggdGhlIDE5NzBzPw==
q16	V2hhdCBhcmUgdG9kYXnigJlzIHRyYWluIGRlcGFydHVyZSB0aW1lcyBmcm9tIEF0aGVucyB0byBCYXJjZWxvbmE/
q17	RXhwbGFpbiBob3cgZXRoYW5vbCBhbmQgbGFjdGF0ZSBpbGx1c3RyYXRlIGZlcm1lbnRhdGlvbiB1c2UgYW5kIHF1YWxpZnkgdGhlIHVzdWFsIHBhc3RldXJpemF0aW9uIHRlbXBlcmF0dXJlLg==
q18	Q29udHJhc3QgZmVybWVudGF0aW9uIHByb2R1Y2luZyBjaGVtaWNhbHMgd2l0aCBwYXN0ZXVyaXphdGlvbiB0cmVhdGluZyBmb29kIGJ5IGhlYXQu
q19	V2h5IGRvZXMgcGFzdGV1cml6YXRpb24gbm90IHByb21pc2UgY29tcGxldGUgc3RlcmlsaXphdGlvbiwgZXZlbiB0aG91Z2ggaXQgcmVkdWNlcyBzcG9pbGFnZSByaXNrPw==
q20	RG9lcyBsYWN0YXRlIHByb2R1Y3Rpb24gZXN0YWJsaXNoIHRoYXQgbGFjdGF0ZSBpcyBhIGZlcm1lbnRhdGlvbiBpbnB1dD8gRXhwbGFpbiB0aGUgZGlyZWN0aW9uIGFjdHVhbGx5IHN0YXRlZC4=
q21	RXhwbGFpbiB3aHkgdGhlIG9uZS1tYWduaXR1ZGUgYnJpZ2h0bmVzcyByYXRpbyB1c2VzIGEgZmlmdGggcm9vdCBhbmQgZ2l2ZSBpdHMgYXBwcm94aW1hdGUgdmFsdWUu
q22	Q29udHJhc3QgYXBwYXJlbnQgbWFnbml0dWRl4oCZcyBkZXBlbmRlbmNlIG9uIGRpc3RhbmNlIHdpdGggdGhlIHdheSBicmlnaHRlciBvYmplY3RzIGFyZSBudW1iZXJlZC4=
q23	SG93IGNhbiBzb21lIGFtYXRldXIgb2JzZXJ2ZXJzIGNvbnRyaWJ1dGUgdG8gc2NpZW5jZSB3aGlsZSBhc3Ryb25vbXkgaXMgbm90IHRoZWlyIHByaW1hcnkgaW5jb21lPw==
q24	V2hhdCBleGFjdCBjbG91ZCBjb3ZlciB3aWxsIG15IG9ic2VydmluZyBsb2NhdGlvbiBoYXZlIGF0IG1pZG5pZ2h0IHRvbmlnaHQ/
