g01	RXhwbGFpbiBob3cgcGlja2xpbmcgYW5kIGZvb2QgZHJ5aW5nIGluaGliaXQgc3BvaWxhZ2UsIGFuZCBpZGVudGlmeSB0aGUgZGlmZmVyZW50IHJvbGUgb2Ygd2F0ZXIgaW4gZWFjaCBtZXRob2Qu
g02	RG9lcyB0aGUgc3VwcGxpZWQgZXZpZGVuY2UgZXN0YWJsaXNoIHRoYXQgcGlja2xlZCB2ZWdldGFibGVzIG11c3QgYmUgY29tcGxldGVseSBzdGVyaWxlPyBFeHBsYWluIGFuZCBkaXN0aW5ndWlzaCB0aGlzIGZyb20gZHJ5aW5nLg==
g03	Q29tcGFyZSBzb2lsIGNvdmVyaW5nIHdpdGggY2hhbmdpbmcgY3JvcHMgb3ZlciBzdWNjZXNzaXZlIHNlYXNvbnM6IHdoYXQgaXMgZG9uZSBhbmQgd2hpY2ggc3RhdGVkIGJlbmVmaXRzIG92ZXJsYXA/
g04	V2h5IG1pZ2h0IGEgZ2FyZGVuZXIgdXNlIGJvdGggbXVsY2ggYW5kIGNyb3Agcm90YXRpb24/IFNlcGFyYXRlIHRoZSBzdGF0ZWQgcHVycG9zZXMgZnJvbSBhbnkgdW50ZXN0ZWQgY29tYmluZWQgZWZmZWN0Lg==
g05	RXhwbGFpbiBjcm9zcy1jb21waWxhdGlvbiBhbmQgd2h5IGFzc2VtYmx5IGluc3RydWN0aW9ucyBhcmUgY2xvc2VseSB0aWVkIHRvIGFuIGFyY2hpdGVjdHVyZS4gRG9lcyB0aGUgZXhjZXJwdCBzYXkgYXNzZW1ibHkgaXMgYWx3YXlzIGV4YWN0bHkgb25lIHN0YXRlbWVudCBwZXIgaW5zdHJ1Y3Rpb24/
g06	Q29udHJhc3QgYSB0ZW1wb3JhcnkgY29tcGlsZXIgdXNlZCB0byBidWlsZCBhIGJldHRlciBjb21waWxlciB3aXRoIGEgY29tcGlsZXIgdGFyZ2V0aW5nIGFub3RoZXIgb3BlcmF0aW5nIHN5c3RlbS4=
g07	RXhwbGFpbiB0aGUgcmVsYXRpb25zaGlwIGJldHdlZW4gYSBjb25zdGl0dXRpb24gYW5kIHRoZSBsaW1pdHMgb24gYSBjb25zdGl0dXRpb25hbCBtb25hcmNoLCBhbmQgY29udHJhc3QgYW4gYWJzb2x1dGUgbW9uYXJjaC4=
g08	RXhwbGFpbiB3aHkgYWJzb2x1dGUgdmFsdWUgaWdub3JlcyB0aGUgc2lnbiBvZiBhIHJlYWwgbnVtYmVyLCBhbmQgZGlzdGluZ3Vpc2ggdGhhdCBjb25jZXB0IGZyb20gdGhlIHJlYWwgYW5kIGltYWdpbmFyeSBwYXJ0cyBvZiBhIGNvbXBsZXggbnVtYmVyLg==
g09	Q29tcGFyZSByZWR1Y2luZyBoZWF0IGZsb3cgdGhyb3VnaCBhIGJ1aWxkaW5nIGVudmVsb3BlIHdpdGggZXhjaGFuZ2luZyBpbmRvb3IgYW5kIG91dGRvb3IgYWlyIHdpdGhvdXQgbWVjaGFuaWNhbCBzeXN0ZW1zLg==
g10	SXMgYWxsIGJ1aWxkaW5nIGluc3VsYXRpb24gZXhjbHVzaXZlbHkgdGhlcm1hbCwgYW5kIGRvZXMgcGFzc2l2ZSB2ZW50aWxhdGlvbiByZXF1aXJlIGEgbWVjaGFuaWNhbCBmYW4/IEV4cGxhaW4gYm90aCBwcmVtaXNlcy4=
g11	V2hhdCB3YXMgdGhlIG1lYXN1cmVkIHlpZWxkIG9mIG15IGdhcmRlbiB5ZXN0ZXJkYXkgYWZ0ZXIgdXNpbmcgbXVsY2ggYW5kIGNyb3Agcm90YXRpb24/
g12	V2hhdCBpcyB0aGUgY3VycmVudCBpbmRvb3IgdGVtcGVyYXR1cmUgYW5kIGV4YWN0IGhlYXRpbmcgYmlsbCBvZiBteSBob21lPw==
p01	SXMgYXNzZW1ibHkgYWx3YXlzIGV4YWN0bHkgb25lIHN0YXRlbWVudCBwZXIgbWFjaGluZSBpbnN0cnVjdGlvbj8=
p02	SXMgYXNzZW1ibHkgYWx3YXlzIGV4YWN0bHkgb25lIHN0YXRlbWVudCBwZXIgbWFjaGluZSBpbnN0cnVjdGlvbj8=
p03	SG93IGRvZXMgcGFzc2l2ZSB2ZW50aWxhdGlvbiBleGNoYW5nZSBhaXI/
p04	SG93IGRvZXMgcGFzc2l2ZSB2ZW50aWxhdGlvbiBleGNoYW5nZSBhaXI/
p05	V2hhdCBlcXVhdGlvbiBkZWZpbmVzIHRoZSBpbWFnaW5hcnkgdW5pdCBpbiB0aGUgZXhjZXJwdD8=
p06	V2hhdCBlcXVhdGlvbiBkZWZpbmVzIHRoZSBpbWFnaW5hcnkgdW5pdCBpbiB0aGUgZXhjZXJwdD8=
