l01	V2hhdCBkb2VzIGFuIGVhcnRod29ybSBsZWF2ZSBiZWhpbmQgYWZ0ZXIgYnJlYWtpbmcgZG93biBvcmdhbmljIG1hdHRlcj8=
l02	RG9lcyB0aGUgY2l0ZWQgZGVmaW5pdGlvbiBpZGVudGlmeSB2ZXJtaWNhc3QgYXMgdGhlIG9yZ2FuaWMgbWF0ZXJpYWwgYmVmb3JlIGVhcnRod29ybXMgcHJvY2VzcyBpdD8=
l03	V2h5IGRvZXMgdGhlIGJyYW5jaCBzaXplIG1hdHRlciB3aGVuIGEgd29vZHkgcGxhbnQgaXMgcHJ1bmVkPw==
l04	RG9lcyB0aGUgd291bmQgZXhwbGFuYXRpb24gc2F5IHRoYXQgY3V0dGluZyBsYXJnZXIgYnJhbmNoZXMgbWFrZXMgY29tcGFydG1lbnRhbGl6YXRpb24gZWFzaWVyPw==
l05	Q2FuIGEgY29uc3RpdHV0aW9uIGJlIHVuY29kaWZpZWQgeWV0IHdyaXR0ZW4gaW4gc2V2ZXJhbCBsZWdhbCBzb3VyY2VzPyBHaXZlIHRoZSBuYW1lZCBleGFtcGxlLg==
l06	SXMgZXZlcnkgY29uc3RpdHV0aW9uIHdyaXR0ZW4gaW4gYSBzZXQgb2YgZG9jdW1lbnRzIG5lY2Vzc2FyaWx5IGNvZGlmaWVkPw==
l07	SG93IGRpZCBCYXJjZWxvbmEncyBleGlzdGluZyBDYXRhbG9uaWFuIGNhcGl0YWwgcm9sZSByZWxhdGUgdG8gaXRzIGpvaW5pbmcgQXJhZ29uPw==
l08	V2FzIGpvaW5pbmcgQXJhZ29uIHRoZSBiZWdpbm5pbmcgb2YgQmFyY2Vsb25hJ3Mgcm9sZSBhcyBjYXBpdGFsIG9mIHRoZSBQcmluY2lwYWxpdHk/
l09	V2hpY2ggY2l0eSBpbiB0aGUgZXhjZXJwdCB3YXMgYSBjZW50cmUgb2YgQW5jaWVudCBHcmVlayBwaGlsb3NvcGh5IGFuZCBlZHVjYXRpb24/
l10	RG9lcyB0aGUgQXRoZW5zIGV4Y2VycHQgZXN0YWJsaXNoIHRoYXQgQmFyY2Vsb25hIHdhcyBhIGNlbnRyZSBvZiBBbmNpZW50IEdyZWVrIHBoaWxvc29waHk/
l11	V2hhdCByb290IGFuZCBhcHByb3hpbWF0ZSByYXRpbyBleHByZXNzIGEgc2luZ2xlIG1hZ25pdHVkZSBzdGVwIGluIGJyaWdodG5lc3M/
l12	SXMgYSBzaW5nbGUgbWFnbml0dWRlIHN0ZXAgYSBzcXVhcmUtcm9vdC1vZi0xMDAgYnJpZ2h0bmVzcyByYXRpbz8=
l13	VW5kZXIgd2hhdCBjb25kaXRpb25zIGRvZXMgdGhlIGV4Y2VycHQgZ2l2ZSBhYm91dCArNi41IGFzIHRoZSBuYWtlZC1leWUgbGltaXQ/
l14	SXMgdGhlICs2LjUgbmFrZWQtZXllIGxpbWl0IGZpeGVkIHJlZ2FyZGxlc3Mgb2Ygdmlld2luZyBjaXJjdW1zdGFuY2VzPw==
l15	RGlzdGluZ3Vpc2ggdGhlIG9yZ2FuaWMgbWF0dGVyIHByb2Nlc3NlZCBieSBlYXJ0aHdvcm1zIGZyb20gdGhlIHJlc3VsdGluZyBleGNyZXRhLg==
l16	RG9lcyBjYWxsaW5nIHZlcm1pY2FzdCBleGNyZXRhIGFsc28gZXN0YWJsaXNoIHRoYXQgaXQgaXMgdGhlIHVucHJvY2Vzc2VkIGlucHV0Pw==
